{"main":"super-movies-sapi.raml","name":"Super Movies SAPI","classifier":"raml","tags":[],"dependencies":[{"groupId":"org.mule.examples","assetId":"basic-auth-securityscheme","version":"1.0.0"},{"groupId":"org.mule.connectivity","assetId":"rest-connect-library","version":"1.0.2"}],"groupId":"20b72f41-e533-476a-be27-9859f6efa749","assetId":"super-movies-sapi","version":"1.0.0","apiVersion":"1.0","originalFormatVersion":"1.0","metadata":{"projectId":"95c96574-c89f-4587-9b98-c946e96d51db","branchId":"master","commitId":"665d91ac95f7ca6d1d332933eacc2b44d2d5f193"}}